<?xml version="1.0" encoding="utf-8"?>
<annotations>
  <version>1.1</version>
  <meta>
    <job>
      <id>538715</id>
      <size>128</size>
      <mode>annotation</mode>
      <overlap>0</overlap>
      <bugtracker></bugtracker>
      <created>2024-01-28 02:48:32.491182+00:00</created>
      <updated>2024-03-03 03:56:33.900550+00:00</updated>
      <subset>default</subset>
      <start_frame>0</start_frame>
      <stop_frame>127</stop_frame>
      <frame_filter></frame_filter>
      <segments>
        <segment>
          <id>539523</id>
          <start>0</start>
          <stop>127</stop>
          <url>https://app.cvat.ai/api/jobs/538715</url>
        </segment>
      </segments>
      <owner>
        <username>chichis228</username>
        <email>yorikgame2303@gmail.com</email>
      </owner>
      <assignee></assignee>
      <labels>
        <label>
          <name>resistor</name>
          <color>#0976d7</color>
          <type>any</type>
          <attributes>
          </attributes>
        </label>
      </labels>
    </job>
    <dumped>2024-03-03 04:01:30.242434+00:00</dumped>
  </meta>
  <image id="0" name="00024.jpg" width="719" height="1280">
    <mask label="resistor" source="semi-auto" occluded="0" rle="7, 9, 35, 12, 31, 17, 28, 19, 26, 20, 26, 21, 25, 22, 24, 23, 23, 25, 21, 27, 20, 28, 18, 30, 16, 31, 15, 33, 14, 33, 13, 35, 12, 37, 10, 38, 10, 37, 11, 36, 12, 35, 13, 33, 16, 31, 15, 31, 16, 30, 18, 28, 19, 27, 22, 24, 24, 22, 25, 21, 27, 19, 28, 17, 31, 15, 33, 11, 36, 8, 5" left="363" top="655" width="46" height="35" z_order="0">
    </mask>
  </image>
  <image id="1" name="00025.jpg" width="719" height="1280">
    <mask label="resistor" source="semi-auto" occluded="0" rle="7, 3, 15, 9, 9, 13, 6, 15, 4, 18, 2, 18, 1, 140, 1, 18, 2, 18, 2, 18, 2, 18, 2, 18, 2, 18, 2, 18, 3, 16, 4, 17, 3, 17, 3, 17, 3, 17, 3, 17, 3, 17, 3, 17, 3, 17, 3, 17, 3, 17, 3, 17, 3, 17, 3, 17, 2, 18, 2, 18, 2, 18, 2, 18, 2, 19, 1, 39, 1, 19, 1, 19, 1, 18, 2, 18, 2, 18, 3, 16, 5, 13, 9, 9, 13, 4, 9" left="454" top="527" width="20" height="50" z_order="0">
    </mask>
  </image>
  <image id="2" name="00026.jpg" width="719" height="1280">
    <mask label="resistor" source="semi-auto" occluded="0" rle="6, 9, 36, 14, 32, 18, 12, 6, 10, 40, 7, 42, 4, 44, 3, 44, 2, 46, 1, 46, 1, 46, 1, 188, 1, 46, 1, 46, 2, 44, 4, 43, 4, 43, 7, 11, 5, 23, 30, 16, 35, 10, 5" left="318" top="994" width="47" height="22" z_order="0">
    </mask>
  </image>
  <image id="3" name="00027.jpg" width="719" height="1280">
    <mask label="resistor" source="semi-auto" occluded="0" rle="7, 6, 28, 10, 25, 12, 23, 14, 21, 15, 20, 17, 18, 19, 17, 19, 17, 20, 16, 20, 16, 20, 16, 21, 15, 22, 14, 22, 15, 22, 14, 22, 14, 23, 14, 23, 14, 22, 15, 22, 15, 22, 15, 22, 15, 21, 15, 22, 15, 22, 14, 23, 14, 23, 13, 24, 13, 23, 13, 24, 13, 24, 13, 23, 14, 22, 15, 22, 14, 22, 15, 21, 15, 21, 16, 20, 16, 20, 17, 18, 18, 18, 19, 17, 19, 17, 20, 15, 22, 12, 27, 7, 6" left="462" top="971" width="36" height="46" z_order="0">
    </mask>
  </image>
  <image id="4" name="00028.jpg" width="719" height="1280">
    <mask label="resistor" source="semi-auto" occluded="0" rle="23, 7, 28, 11, 24, 14, 22, 16, 20, 18, 18, 19, 18, 20, 16, 21, 15, 23, 14, 23, 13, 24, 13, 23, 14, 23, 13, 24, 13, 24, 12, 24, 12, 24, 13, 24, 12, 23, 14, 22, 14, 22, 14, 22, 14, 22, 15, 22, 14, 22, 14, 22, 14, 23, 14, 22, 14, 22, 14, 23, 14, 23, 14, 22, 14, 23, 14, 22, 15, 22, 15, 21, 16, 21, 16, 20, 17, 20, 17, 19, 19, 18, 19, 17, 21, 15, 23, 13, 27, 8, 23" left="583" top="763" width="37" height="45" z_order="0">
    </mask>
  </image>
  <image id="5" name="00029.jpg" width="719" height="1280">
    <mask label="resistor" source="semi-auto" occluded="0" rle="37, 7, 39, 13, 34, 17, 29, 21, 11, 8, 7, 26, 7, 43, 5, 46, 3, 47, 3, 47, 2, 48, 2, 47, 2, 48, 2, 48, 1, 48, 2, 48, 2, 47, 4, 45, 6, 41, 9, 33, 18, 22, 29, 17, 34, 14, 38, 10, 44, 1, 38" left="325" top="528" width="50" height="24" z_order="0">
    </mask>
  </image>
  <image id="6" name="00030.jpg" width="719" height="1280">
    <mask label="resistor" source="semi-auto" occluded="0" rle="25, 11, 26, 14, 25, 15, 23, 16, 22, 17, 21, 19, 19, 20, 19, 20, 18, 21, 18, 21, 17, 22, 17, 22, 16, 23, 15, 23, 15, 23, 15, 23, 15, 23, 15, 23, 15, 23, 15, 22, 16, 22, 16, 22, 17, 21, 17, 21, 17, 21, 16, 22, 16, 22, 16, 22, 17, 21, 18, 20, 19, 20, 18, 20, 20, 19, 20, 18, 21, 17, 22, 17, 23, 15, 24, 14, 25, 13, 27, 11, 31, 6, 27" left="270" top="531" width="39" height="41" z_order="0">
    </mask>
  </image>
  <image id="7" name="00031.jpg" width="719" height="1280">
    <mask label="resistor" source="semi-auto" occluded="0" rle="33, 1, 36, 8, 34, 10, 31, 12, 29, 13, 28, 15, 26, 17, 24, 18, 23, 20, 21, 21, 19, 23, 18, 24, 17, 25, 15, 27, 14, 27, 14, 28, 13, 28, 11, 30, 10, 30, 10, 31, 10, 31, 10, 30, 11, 29, 12, 28, 14, 27, 14, 26, 16, 25, 17, 23, 19, 20, 22, 20, 22, 19, 23, 19, 23, 18, 25, 16, 26, 15, 27, 14, 29, 12, 33, 7, 30" left="293" top="926" width="42" height="38" z_order="0">
    </mask>
  </image>
  <image id="8" name="00032.jpg" width="719" height="1280">
    <mask label="resistor" source="semi-auto" occluded="0" rle="28, 6, 32, 9, 30, 11, 29, 13, 26, 15, 25, 15, 24, 16, 23, 18, 21, 19, 20, 20, 19, 21, 18, 22, 17, 23, 16, 23, 16, 23, 15, 24, 15, 24, 15, 23, 16, 22, 16, 23, 14, 24, 15, 24, 14, 25, 15, 24, 15, 24, 16, 23, 16, 23, 17, 23, 17, 21, 19, 20, 20, 20, 21, 18, 22, 17, 23, 17, 24, 15, 26, 13, 28, 11, 30, 9, 35, 3, 28" left="211" top="880" width="40" height="39" z_order="0">
    </mask>
  </image>
  <image id="9" name="00033.jpg" width="719" height="1280">
    <mask label="resistor" source="semi-auto" occluded="0" rle="5, 7, 34, 11, 31, 13, 29, 15, 28, 16, 26, 18, 25, 19, 24, 20, 23, 21, 22, 22, 21, 23, 20, 24, 19, 25, 18, 27, 16, 28, 16, 28, 16, 29, 15, 30, 15, 30, 14, 31, 14, 30, 15, 29, 16, 28, 17, 28, 16, 27, 17, 26, 18, 26, 18, 25, 19, 24, 20, 23, 22, 21, 22, 21, 23, 20, 24, 19, 25, 18, 26, 17, 27, 15, 30, 12, 34, 6, 5" left="275" top="423" width="43" height="39" z_order="0">
    </mask>
  </image>
  <image id="10" name="00088.jpg" width="720" height="1280">
    <mask label="resistor" source="semi-auto" occluded="0" rle="31, 7, 69, 19, 60, 26, 55, 31, 51, 35, 47, 39, 43, 42, 40, 45, 38, 47, 36, 48, 35, 49, 34, 50, 33, 51, 32, 52, 32, 52, 31, 54, 30, 54, 30, 54, 30, 55, 29, 55, 29, 55, 29, 55, 29, 56, 29, 55, 29, 55, 29, 56, 28, 56, 28, 57, 27, 57, 27, 57, 27, 58, 26, 58, 27, 57, 27, 57, 27, 57, 27, 57, 27, 57, 28, 56, 28, 56, 28, 55, 30, 54, 30, 54, 31, 53, 31, 53, 31, 53, 31, 54, 31, 53, 32, 51, 33, 51, 35, 49, 36, 48, 37, 48, 37, 47, 37, 48, 36, 48, 38, 47, 37, 47, 37, 47, 37, 47, 36, 48, 36, 50, 35, 49, 35, 49, 36, 49, 35, 49, 36, 48, 36, 48, 36, 49, 35, 49, 35, 49, 36, 48, 36, 49, 35, 49, 36, 48, 36, 48, 36, 48, 36, 48, 37, 47, 37, 47, 37, 48, 36, 48, 36, 48, 37, 47, 37, 47, 37, 47, 38, 47, 37, 47, 37, 47, 37, 48, 36, 48, 36, 48, 36, 49, 35, 49, 35, 49, 36, 49, 35, 49, 35, 50, 34, 50, 34, 50, 34, 51, 34, 51, 34, 50, 34, 51, 34, 51, 33, 51, 33, 51, 33, 52, 32, 53, 32, 52, 32, 52, 32, 53, 31, 53, 31, 53, 30, 55, 29, 55, 29, 56, 28, 56, 28, 56, 28, 56, 28, 57, 27, 57, 27, 57, 27, 58, 26, 58, 27, 57, 27, 57, 27, 57, 27, 57, 28, 56, 28, 56, 28, 57, 27, 56, 28, 56, 29, 55, 29, 55, 29, 54, 31, 53, 31, 52, 32, 52, 32, 51, 34, 50, 34, 49, 36, 46, 38, 44, 41, 42, 42, 40, 46, 36, 49, 33, 53, 27, 62, 8, 34" left="150" top="317" width="84" height="150" z_order="0">
    </mask>
  </image>
  <image id="11" name="00089.jpg" width="450" height="800">
    <mask label="resistor" source="semi-auto" occluded="0" rle="12, 8, 82, 18, 75, 21, 73, 23, 72, 25, 69, 27, 68, 29, 10, 3, 52, 31, 1, 24, 11, 17, 11, 31, 1, 29, 4, 21, 9, 87, 8, 88, 6, 90, 5, 90, 5, 91, 3, 92, 3, 92, 3, 93, 2, 93, 2, 93, 2, 93, 2, 93, 2, 93, 2, 93, 3, 93, 2, 93, 2, 94, 1, 94, 2, 92, 3, 92, 3, 91, 5, 90, 5, 90, 6, 89, 6, 88, 8, 87, 9, 86, 10, 23, 7, 55, 15, 16, 12, 51, 20, 9, 19, 47, 57, 37, 71, 23, 73, 22, 75, 19, 79, 15, 85, 7, 11" left="90" top="88" width="95" height="45" z_order="0">
    </mask>
  </image>
  <image id="12" name="00090.jpg" width="450" height="800">
    <mask label="resistor" source="semi-auto" occluded="0" rle="8, 11, 53, 21, 45, 26, 41, 27, 40, 27, 40, 28, 38, 29, 38, 30, 36, 32, 35, 32, 35, 34, 33, 35, 31, 36, 31, 36, 31, 36, 30, 37, 30, 37, 30, 37, 30, 38, 29, 38, 29, 38, 29, 38, 29, 38, 29, 39, 28, 39, 29, 38, 29, 38, 29, 39, 29, 38, 29, 39, 29, 39, 29, 38, 30, 38, 30, 38, 30, 38, 30, 37, 31, 37, 31, 37, 31, 36, 32, 35, 33, 35, 32, 36, 31, 36, 32, 35, 32, 35, 32, 36, 31, 36, 32, 35, 32, 36, 31, 37, 32, 36, 32, 35, 32, 36, 31, 36, 32, 37, 30, 38, 29, 39, 29, 39, 28, 40, 28, 40, 27, 41, 27, 41, 27, 40, 28, 40, 29, 38, 29, 39, 29, 38, 29, 39, 29, 38, 29, 38, 29, 39, 28, 39, 28, 39, 28, 39, 28, 39, 29, 38, 29, 38, 29, 37, 31, 36, 31, 35, 33, 34, 33, 33, 34, 32, 35, 31, 37, 30, 38, 28, 40, 27, 42, 24, 44, 23, 46, 20, 53, 4, 4, 3, 11" left="337" top="324" width="67" height="91" z_order="0">
    </mask>
  </image>
  <image id="13" name="00091.jpg" width="450" height="800">
    <mask label="resistor" source="semi-auto" occluded="0" rle="18, 4, 29, 10, 25, 12, 21, 16, 19, 19, 15, 22, 14, 23, 11, 26, 9, 28, 7, 30, 6, 31, 4, 32, 4, 32, 3, 34, 2, 34, 2, 34, 2, 34, 2, 34, 2, 34, 1, 35, 1, 35, 1, 35, 1, 35, 1, 35, 1, 35, 1, 35, 1, 35, 2, 34, 2, 34, 2, 34, 2, 33, 4, 32, 4, 32, 4, 31, 6, 30, 6, 30, 6, 30, 7, 29, 7, 28, 8, 27, 9, 26, 10, 26, 10, 26, 10, 26, 10, 26, 10, 26, 10, 27, 8, 28, 8, 29, 7, 29, 7, 29, 7, 29, 7, 29, 7, 29, 7, 29, 6, 29, 7, 29, 7, 29, 7, 29, 7, 29, 7, 29, 7, 29, 7, 29, 7, 29, 8, 28, 8, 29, 6, 30, 6, 30, 6, 30, 6, 30, 5, 32, 4, 32, 3, 33, 3, 33, 3, 33, 2, 35, 1, 35, 1, 35, 1, 35, 1, 35, 1, 35, 1, 35, 1, 35, 1, 34, 2, 34, 2, 34, 2, 34, 3, 33, 3, 33, 3, 33, 4, 31, 5, 31, 6, 29, 8, 27, 11, 23, 15, 20, 17, 17, 21, 14, 23, 11, 27, 8, 34, 1, 15" left="193" top="293" width="36" height="101" z_order="0">
    </mask>
  </image>
  <image id="14" name="00092.jpg" width="720" height="1280">
    <polygon label="resistor" source="manual" occluded="0" points="197.47,377.20;197.47,356.99;204.78,349.25;218.97,345.38;231.01,344.09;239.18,348.82;254.66,347.53;267.99,345.81;284.76,342.80;297.66,340.65;310.56,332.06;324.75,331.63;333.35,331.20;340.65,342.37;345.81,352.69;347.53,362.58;347.10,371.61;344.09,383.65;338.50,387.52;325.61,391.82;313.14,390.10;306.26,389.24;293.79,387.52;271.00,391.82;258.10,392.68;245.63,393.97;235.74,398.27;215.53,401.28;206.07,395.69" z_order="0">
    </polygon>
  </image>
  <image id="15" name="00093.jpg" width="450" height="800">
    <polygon label="resistor" source="semi-auto" occluded="0" points="163.00,554.00;160.00,564.00;161.00,577.00;168.00,584.00;175.00,586.00;201.00,613.00;210.00,629.00;215.00,632.00;222.00,632.00;236.00,628.00;240.00,613.00;239.00,605.00;228.00,593.00;219.00,587.00;198.00,563.00;193.00,553.00;187.00,548.00;180.00,547.00" z_order="0">
    </polygon>
  </image>
  <image id="16" name="00094.jpg" width="450" height="800">
    <polygon label="resistor" source="semi-auto" occluded="0" points="161.00,216.00;158.00,223.00;158.00,235.00;166.00,246.00;173.00,250.00;179.00,250.00;198.00,265.00;201.00,265.00;218.00,284.00;230.00,285.00;243.00,278.00;244.00,260.00;239.00,253.00;217.00,242.00;196.00,226.00;191.00,217.00;181.00,210.00;173.00,210.00" z_order="0">
    </polygon>
  </image>
  <image id="17" name="00095.jpg" width="720" height="1280">
    <polygon label="resistor" source="semi-auto" occluded="0" points="150.00,439.00;132.00,449.00;125.00,457.00;124.00,469.00;127.00,482.00;137.00,501.00;140.00,503.00;145.00,517.00;152.00,548.00;152.00,561.00;157.00,578.00;165.00,588.00;189.00,592.00;198.00,589.00;210.00,576.00;212.00,571.00;211.00,556.00;204.00,542.00;199.00,537.00;191.00,511.00;184.00,502.00;183.00,471.00;176.00,450.00;170.00,444.00;159.00,439.00" z_order="0">
    </polygon>
  </image>
  <image id="18" name="00096.jpg" width="720" height="1280">
    <polygon label="resistor" source="manual" occluded="0" points="308.36,419.21;342.33,449.31;359.53,472.96;383.61,485.00;400.81,479.41;405.54,465.22;407.69,449.74;406.40,435.12;391.78,423.08;378.45,420.07;338.03,385.24;328.57,364.60;318.25,357.73;309.22,356.01;299.33,359.02;285.57,366.32;282.13,381.80;282.13,395.56;295.03,410.18" z_order="0">
    </polygon>
  </image>
  <image id="19" name="00097.jpg" width="720" height="1280">
    <polygon label="resistor" source="manual" occluded="0" points="371.14,624.74;362.97,610.98;362.11,598.51;344.05,570.14;333.30,554.66;328.14,552.51;317.82,540.90;310.94,520.26;319.11,508.22;329.00,501.34;344.05,497.90;354.37,499.62;366.84,509.51;371.57,521.12;373.29,530.58;379.31,544.34;393.93,567.56;406.40,579.17;418.01,588.20;424.46,602.38;418.87,618.72;410.27,632.05;396.51,636.35;385.33,633.77" z_order="0">
    </polygon>
  </image>
  <image id="20" name="00100.jpg" width="720" height="1280">
    <polygon label="resistor" source="manual" occluded="0" points="110.48,433.02;113.06,418.57;120.28,406.18;125.96,391.74;129.57,369.55;134.73,354.59;133.70,338.08;132.66,323.11;139.37,311.76;153.82,305.57;166.72,305.05;176.52,308.15;182.71,316.40;190.45,322.60;190.97,336.01;186.33,350.46;178.59,361.29;175.49,379.35;172.91,395.87;168.27,408.76;168.78,423.73;169.30,434.56;164.66,447.46;159.50,454.69;148.66,457.78;137.82,459.33;127.50,456.75;120.28,449.01" z_order="0">
    </polygon>
  </image>
  <image id="21" name="00101.jpg" width="720" height="1280">
    <polygon label="resistor" source="manual" occluded="0" points="96.86,371.87;78.28,362.07;75.70,350.72;74.15,334.72;82.92,320.79;97.89,316.15;112.85,302.22;136.07,280.03;141.75,268.68;152.58,250.10;166.00,243.39;178.38,245.97;189.22,255.78;196.44,267.64;201.60,283.12;195.92,293.44;187.15,301.70;177.86,305.83;170.64,317.69;159.29,325.43;146.39,338.85;137.62,349.17;133.49,360.52;112.34,376.52" z_order="0">
    </polygon>
  </image>
  <image id="22" name="00102.jpg" width="720" height="1280">
    <polygon label="resistor" source="manual" occluded="0" points="249.58,735.02;265.68,744.92;283.02,746.78;302.83,750.50;326.36,758.55;349.89,771.55;359.80,779.60;378.99,780.22;396.95,764.12;395.71,753.59;393.85,738.11;386.42,728.83;377.14,724.49;361.04,720.78;350.51,721.40;336.27,719.54;321.41,712.11;304.69,705.92;296.64,704.06;289.21,696.63;278.69,691.68;263.83,691.68;252.68,700.34;245.87,717.06;247.73,730.06" z_order="0">
    </polygon>
  </image>
  <image id="23" name="00103.jpg" width="720" height="1280">
    <polygon label="resistor" source="manual" occluded="0" points="436.64,717.19;421.78,707.90;408.77,695.51;395.77,684.37;387.10,680.03;364.19,665.17;351.19,652.79;354.91,636.07;365.43,625.55;379.05,620.59;392.68,620.59;411.87,631.74;426.73,642.88;438.50,657.74;451.50,666.41;461.40,673.22;473.17,680.03;486.17,687.46;491.74,702.33;491.70,720.90;462.00,735.80;444.07,728.33" z_order="0">
    </polygon>
  </image>
  <image id="24" name="00104.jpg" width="720" height="1280">
    <polygon label="resistor" source="manual" occluded="0" points="257.20,540.80;249.73,526.73;250.48,512.61;257.20,502.90;267.60,493.30;283.20,493.30;306.20,499.98;318.09,505.18;331.46,508.15;348.55,508.15;369.36,508.15;377.53,508.15;390.90,513.40;402.00,523.00;403.54,536.39;400.56,549.76;391.65,560.90;379.76,563.13;367.13,563.88;349.30,553.47;338.89,552.73;324.03,550.50;306.94,549.76;291.34,549.76;274.30,550.50" z_order="0">
    </polygon>
  </image>
  <image id="25" name="00105.jpg" width="720" height="1280">
    <polygon label="resistor" source="manual" occluded="0" points="557.41,830.54;541.70,821.00;536.40,810.90;539.00,796.30;542.50,784.90;552.21,780.02;567.07,777.05;580.45,778.53;590.85,785.22;595.31,795.62;608.68,806.77;615.37,812.71;627.26,820.14;645.09,831.29;653.26,836.49;666.63,843.17;672.58,843.92;680.75,855.80;682.98,867.69;674.06,882.55;668.86,892.21;659.95,894.44;651.03,896.67;643.60,896.67;634.69,892.21;619.08,879.58;610.20,868.20;602.60,863.50;596.50,856.20;578.50,842.30;567.80,836.00;562.30,833.80" z_order="0">
    </polygon>
  </image>
  <image id="26" name="00106.jpg" width="720" height="1280">
    <polygon label="resistor" source="manual" occluded="0" points="60.40,302.30;50.64,284.24;53.31,265.52;71.40,250.00;94.10,252.80;117.51,269.08;136.30,275.50;164.76,286.91;192.40,292.26;205.00,302.30;217.37,325.25;211.13,341.30;180.81,353.78;147.70,333.10;123.10,325.50;95.90,313.40;80.30,313.50" z_order="0">
    </polygon>
  </image>
  <image id="27" name="00107.jpg" width="720" height="1280">
    <polygon label="resistor" source="manual" occluded="0" points="432.10,261.20;421.80,247.20;423.40,229.30;431.30,212.60;449.10,204.10;478.10,195.50;506.20,181.70;526.29,164.76;545.49,161.04;559.11,170.95;564.06,184.57;565.92,195.10;569.02,207.48;552.30,220.48;538.68,225.44;519.48,228.53;479.24,246.49;471.30,257.80;459.20,263.50;446.60,267.60" z_order="0">
    </polygon>
  </image>
  <image id="28" name="00108.jpg" width="720" height="1280">
    <polygon label="resistor" source="semi-auto" occluded="0" points="391.00,375.00;392.00,406.00;397.00,415.00;402.00,420.00;429.00,432.00;441.00,440.00;460.00,458.00;468.00,461.00;480.00,479.00;503.00,483.00;513.00,478.00;523.00,478.00;528.00,472.00;530.00,443.00;522.00,432.00;508.00,422.00;496.00,420.00;477.00,405.00;463.00,398.00;438.00,372.00;426.00,365.00;416.00,365.00;402.00,373.00" z_order="0">
    </polygon>
    <polygon label="resistor" source="semi-auto" occluded="0" points="562.00,721.00;536.00,708.00;522.00,709.00;507.00,719.00;496.00,730.00;481.00,737.00;466.00,748.00;453.00,754.00;433.00,757.00;417.00,772.00;416.00,793.00;420.00,802.00;440.00,815.00;449.00,816.00;467.00,806.00;482.00,791.00;499.00,784.00;503.00,780.00;523.00,770.00;549.00,764.00;559.00,755.00;562.00,748.00" z_order="0">
    </polygon>
    <polygon label="resistor" source="semi-auto" occluded="0" points="46.00,563.00;37.00,568.00;29.00,576.00;27.00,589.00;31.00,603.00;43.00,617.00;47.00,636.00;52.00,650.00;55.00,653.00;59.00,668.00;57.00,684.00;60.00,694.00;70.00,706.00;89.00,707.00;97.00,705.00;114.00,693.00;116.00,689.00;116.00,675.00;110.00,662.00;105.00,659.00;98.00,641.00;98.00,635.00;95.00,631.00;90.00,609.00;86.00,602.00;88.00,587.00;83.00,573.00;78.00,566.00;68.00,562.00" z_order="0">
    </polygon>
    <polygon label="resistor" source="semi-auto" occluded="0" points="307.00,132.00;302.00,145.00;302.00,163.00;313.00,178.00;321.00,179.00;325.00,183.00;346.00,185.00;365.00,198.00;385.00,205.00;407.00,223.00;414.00,225.00;425.00,223.00;439.00,207.00;443.00,199.00;444.00,184.00;443.00,177.00;438.00,172.00;424.00,166.00;413.00,165.00;409.00,162.00;402.00,161.00;391.00,152.00;370.00,142.00;363.00,141.00;355.00,134.00;352.00,127.00;342.00,121.00;318.00,121.00" z_order="0">
    </polygon>
  </image>
  <image id="29" name="00109.jpg" width="720" height="1280">
    <polygon label="resistor" source="semi-auto" occluded="0" points="213.00,591.00;186.00,597.00;178.00,606.00;174.00,616.00;172.00,641.00;167.00,650.00;157.00,680.00;147.00,694.00;140.00,712.00;140.00,723.00;142.00,727.00;157.00,743.00;169.00,744.00;187.00,738.00;194.00,730.00;198.00,721.00;200.00,700.00;214.00,656.00;225.00,642.00;231.00,625.00;231.00,613.00;224.00,599.00" z_order="0">
    </polygon>
    <polygon label="resistor" source="semi-auto" occluded="0" points="588.00,712.00;568.00,717.00;562.00,722.00;557.00,734.00;557.00,752.00;560.00,762.00;556.00,767.00;558.00,772.00;552.00,776.00;546.00,806.00;538.00,817.00;533.00,836.00;534.00,847.00;541.00,856.00;548.00,860.00;565.00,864.00;582.00,862.00;590.00,853.00;592.00,818.00;596.00,810.00;596.00,803.00;601.00,788.00;602.00,773.00;609.00,763.00;616.00,740.00;616.00,733.00;613.00,726.00" z_order="0">
    </polygon>
    <polygon label="resistor" source="semi-auto" occluded="0" points="654.00,1017.00;642.00,1022.00;636.00,1030.00;635.00,1054.00;640.00,1066.00;638.00,1094.00;641.00,1103.00;638.00,1117.00;632.00,1128.00;632.00,1148.00;637.00,1165.00;647.00,1176.00;656.00,1180.00;668.00,1180.00;683.00,1173.00;691.00,1159.00;692.00,1146.00;686.00,1122.00;685.00,1108.00;687.00,1103.00;686.00,1094.00;688.00,1091.00;688.00,1071.00;691.00,1064.00;692.00,1040.00;688.00,1026.00;684.00,1023.00" z_order="0">
    </polygon>
    <polygon label="resistor" source="semi-auto" occluded="0" points="563.00,244.00;536.00,256.00;527.00,265.00;522.00,274.00;517.00,301.00;507.00,321.00;502.00,338.00;484.00,366.00;481.00,377.00;482.00,390.00;492.00,415.00;496.00,420.00;523.00,406.00;534.00,396.00;542.00,378.00;545.00,357.00;550.00,346.00;554.00,343.00;559.00,320.00;568.00,309.00;570.00,300.00;578.00,286.00;578.00,268.00;569.00,249.00" z_order="0">
    </polygon>
    <polygon label="resistor" source="semi-auto" occluded="0" points="208.00,157.00;197.00,155.00;183.00,149.00;170.00,149.00;163.00,152.00;157.00,160.00;148.00,180.00;127.00,200.00;120.00,202.00;115.00,210.00;103.00,217.00;99.00,222.00;95.00,222.00;86.00,232.00;83.00,241.00;87.00,261.00;86.00,273.00;116.00,280.00;127.00,279.00;138.00,273.00;144.00,257.00;148.00,252.00;159.00,244.00;183.00,216.00;198.00,210.00;208.00,199.00;211.00,193.00;211.00,181.00;208.00,172.00;210.00,162.00" z_order="0">
    </polygon>
  </image>
  <image id="30" name="00110.jpg" width="720" height="1280">
    <polygon label="resistor" source="semi-auto" occluded="0" points="199.00,411.00;178.00,387.00;171.00,385.00;155.00,385.00;146.00,387.00;138.00,392.00;104.00,394.00;89.00,397.00;78.00,397.00;69.00,393.00;60.00,393.00;46.00,396.00;41.00,400.00;34.00,421.00;34.00,431.00;49.00,449.00;62.00,455.00;79.00,453.00;95.00,445.00;130.00,443.00;173.00,444.00;187.00,438.00;192.00,426.00;199.00,418.00" z_order="0">
    </polygon>
    <polygon label="resistor" source="semi-auto" occluded="0" points="322.00,569.00;312.00,586.00;312.00,597.00;321.00,613.00;337.00,625.00;354.00,652.00;362.00,659.00;371.00,688.00;376.00,696.00;390.00,702.00;414.00,701.00;418.00,697.00;420.00,687.00;426.00,677.00;423.00,661.00;416.00,650.00;405.00,644.00;395.00,634.00;393.00,628.00;371.00,597.00;368.00,579.00;356.00,567.00;342.00,563.00" z_order="0">
    </polygon>
    <polygon label="resistor" source="semi-auto" occluded="0" points="678.00,766.00;656.00,751.00;642.00,750.00;637.00,752.00;622.00,764.00;617.00,772.00;601.00,777.00;567.00,801.00;553.00,800.00;548.00,801.00;542.00,806.00;535.00,817.00;535.00,841.00;547.00,853.00;560.00,861.00;576.00,861.00;584.00,858.00;589.00,854.00;592.00,847.00;611.00,830.00;630.00,823.00;641.00,812.00;652.00,810.00;658.00,805.00;668.00,803.00;673.00,799.00;679.00,789.00" z_order="0">
    </polygon>
    <polygon label="resistor" source="semi-auto" occluded="0" points="613.00,1051.00;594.00,1031.00;584.00,1030.00;565.00,1041.00;554.00,1051.00;529.00,1061.00;510.00,1072.00;497.00,1073.00;484.00,1077.00;471.00,1087.00;469.00,1094.00;469.00,1115.00;474.00,1129.00;490.00,1139.00;508.00,1139.00;516.00,1135.00;533.00,1119.00;560.00,1108.00;573.00,1097.00;588.00,1096.00;607.00,1090.00;615.00,1083.00;617.00,1078.00;616.00,1059.00" z_order="0">
    </polygon>
    <polygon label="resistor" source="semi-auto" occluded="0" points="355.00,125.00;355.00,138.00;359.00,141.00;366.00,156.00;375.00,160.00;394.00,160.00;412.00,155.00;417.00,155.00;422.00,158.00;426.00,156.00;456.00,156.00;470.00,160.00;495.00,160.00;500.00,158.00;520.00,138.00;519.00,128.00;513.00,126.00;509.00,121.00;506.00,106.00;498.00,100.00;493.00,101.00;490.00,99.00;460.00,103.00;416.00,105.00;391.00,97.00;377.00,97.00;366.00,102.00" z_order="0">
    </polygon>
  </image>
  <image id="31" name="00111.jpg" width="720" height="1280">
    <polygon label="resistor" source="semi-auto" occluded="0" points="324.00,183.00;306.00,192.00;302.00,202.00;302.00,218.00;305.00,230.00;315.00,246.00;323.00,283.00;323.00,316.00;325.00,324.00;331.00,333.00;340.00,337.00;360.00,337.00;370.00,332.00;379.00,320.00;379.00,303.00;376.00,291.00;367.00,276.00;360.00,241.00;360.00,213.00;354.00,193.00;348.00,187.00;338.00,183.00" z_order="0">
    </polygon>
    <polygon label="resistor" source="semi-auto" occluded="0" points="423.00,251.00;412.00,252.00;402.00,256.00;396.00,262.00;391.00,272.00;391.00,294.00;396.00,314.00;397.00,352.00;392.00,388.00;397.00,402.00;416.00,409.00;439.00,403.00;445.00,397.00;448.00,389.00;448.00,373.00;443.00,354.00;442.00,315.00;443.00,304.00;448.00,291.00;448.00,275.00;444.00,263.00;438.00,257.00" z_order="0">
    </polygon>
    <polygon label="resistor" source="semi-auto" occluded="0" points="477.00,89.00;465.00,97.00;461.00,106.00;457.00,109.00;456.00,116.00;460.00,143.00;465.00,150.00;467.00,163.00;470.00,166.00;472.00,185.00;475.00,191.00;476.00,225.00;481.00,237.00;491.00,243.00;513.00,241.00;528.00,228.00;530.00,223.00;530.00,208.00;524.00,188.00;519.00,181.00;513.00,155.00;512.00,137.00;510.00,134.00;512.00,122.00;508.00,112.00;509.00,107.00;505.00,102.00;505.00,97.00;498.00,91.00" z_order="0">
    </polygon>
  </image>
  <image id="32" name="00112.jpg" width="720" height="1280">
    <polygon label="resistor" source="semi-auto" occluded="0" points="102.00,481.00;90.00,497.00;90.00,510.00;95.00,526.00;104.00,537.00;109.00,554.00;116.00,565.00;122.00,612.00;130.00,623.00;136.00,626.00;152.00,629.00;162.00,626.00;176.00,615.00;179.00,608.00;179.00,597.00;173.00,580.00;166.00,573.00;158.00,556.00;156.00,541.00;149.00,522.00;150.00,507.00;145.00,492.00;139.00,485.00;133.00,482.00;118.00,480.00" z_order="0">
    </polygon>
    <polygon label="resistor" source="semi-auto" occluded="0" points="325.00,518.00;317.00,519.00;297.00,528.00;291.00,548.00;290.00,568.00;285.00,585.00;284.00,597.00;267.00,633.00;267.00,653.00;285.00,669.00;300.00,671.00;317.00,659.00;322.00,644.00;321.00,627.00;325.00,603.00;328.00,601.00;334.00,577.00;337.00,571.00;343.00,566.00;346.00,556.00;346.00,536.00;338.00,525.00" z_order="0">
    </polygon>
    <polygon label="resistor" source="semi-auto" occluded="0" points="520.00,649.00;499.00,652.00;490.00,661.00;485.00,682.00;485.00,695.00;481.00,701.00;480.00,712.00;477.00,714.00;471.00,736.00;456.00,762.00;456.00,778.00;467.00,793.00;485.00,796.00;503.00,796.00;513.00,778.00;514.00,748.00;528.00,718.00;530.00,705.00;538.00,696.00;544.00,679.00;543.00,667.00" z_order="0">
    </polygon>
    <polygon label="resistor" source="semi-auto" occluded="0" points="593.00,875.00;580.00,875.00;567.00,879.00;559.00,887.00;556.00,896.00;557.00,919.00;560.00,932.00;561.00,970.00;556.00,980.00;553.00,998.00;562.00,1010.00;562.00,1023.00;566.00,1028.00;577.00,1034.00;591.00,1033.00;604.00,1029.00;610.00,1020.00;612.00,1004.00;607.00,973.00;609.00,939.00;615.00,914.00;615.00,897.00;608.00,884.00" z_order="0">
    </polygon>
  </image>
  <image id="33" name="00113.jpg" width="720" height="1280">
    <polygon label="resistor" source="semi-auto" occluded="0" points="605.00,440.00;599.00,432.00;588.00,425.00;580.00,423.00;562.00,424.00;551.00,432.00;541.00,436.00;531.00,436.00;492.00,445.00;481.00,442.00;457.00,447.00;447.00,460.00;442.00,473.00;446.00,483.00;463.00,500.00;488.00,498.00;507.00,489.00;538.00,483.00;583.00,482.00;598.00,469.00;600.00,458.00;606.00,448.00" z_order="0">
    </polygon>
    <polygon label="resistor" source="semi-auto" occluded="0" points="439.00,587.00;433.00,587.00;418.00,571.00;410.00,567.00;393.00,567.00;372.00,577.00;356.00,577.00;329.00,582.00;320.00,582.00;311.00,579.00;292.00,581.00;282.00,587.00;272.00,608.00;281.00,625.00;291.00,636.00;301.00,638.00;314.00,637.00;330.00,628.00;345.00,628.00;379.00,621.00;392.00,624.00;413.00,623.00;421.00,617.00;428.00,600.00;436.00,593.00" z_order="0">
    </polygon>
  </image>
</annotations>
